{
  "origem": [-8.062742, -34.873900],
  "destino": [-8.117809, -34.900231],
  "modo_inicial": "walk"
}